member_id,join_date,age,plan,monthly_fee_inr,signup_source,status,cancel_date
M2000,31-07-2025,25,Monthly,1500,Walk-in,Active,
M2001,12-04-2026,29,Quarterly,1200,Instagram,Active,
M2002,29-05-2025,25,Quarterly,1200,Instagram,Active,
M2003,14-01-2026,34,Annual,1000,Instagram,Active,
M2004,23-02-2026,34,Monthly,1500,Instagram,Cancelled,21-03-2026
M2005,27-01-2025,35,Monthly,1500,Walk-in,Cancelled,20-06-2025
M2006,14-01-2026,20,Monthly,1500,Google,Active,
M2007,15-07-2025,28,Monthly,1500,Referral,Cancelled,14-08-2025
M2008,19-12-2025,24,Annual,1000,Walk-in,Active,
M2009,23-02-2026,33,Monthly,1500,Google,Cancelled,30-06-2026
M2010,27-01-2025,36,Monthly,1500,Walk-in,Cancelled,25-02-2025
M2011,20-01-2025,30,Quarterly,1200,Instagram,Cancelled,04-03-2025
M2012,26-09-2025,32,Monthly,1500,Referral,Active,
M2013,08-03-2026,34,Monthly,1500,Walk-in,Cancelled,30-06-2026
M2014,30-10-2025,37,Quarterly,1200,Instagram,Cancelled,18-06-2026
M2015,25-10-2025,29,Annual,1000,Walk-in,Active,
M2016,23-01-2025,32,Annual,1000,Instagram,Active,
M2017,08-08-2025,33,Monthly,1500,Instagram,Active,
M2018,01-03-2025,28,Monthly,1500,Instagram,Cancelled,10-07-2025
M2019,11-03-2026,24,Monthly,1500,Walk-in,Cancelled,30-06-2026
M2020,25-01-2026,29,Quarterly,1200,Walk-in,Cancelled,28-05-2026
M2021,17-01-2026,19,Monthly,1500,Google,Cancelled,30-06-2026
M2022,02-05-2025,20,Monthly,1500,Walk-in,Cancelled,14-09-2025
M2023,12-06-2025,26,Annual,1000,Instagram,Active,
M2024,05-03-2026,29,Monthly,1500,Instagram,Cancelled,15-05-2026
M2025,25-05-2025,29,Monthly,1500,Walk-in,Cancelled,08-05-2026
M2026,16-10-2025,48,Annual,1000,Referral,Active,
M2027,01-09-2025,32,Monthly,1500,Google,Active,
M2028,25-01-2026,29,Monthly,1500,Google,Cancelled,24-04-2026
M2029,15-08-2025,26,Monthly,1500,Google,Cancelled,11-12-2025
M2030,09-01-2025,22,Monthly,1500,Referral,Cancelled,30-04-2025
M2031,24-07-2025,38,Quarterly,1200,Instagram,Active,
M2032,27-01-2026,27,Annual,1000,Referral,Active,
M2033,04-01-2026,27,Monthly,1500,Instagram,Cancelled,30-06-2026
M2034,17-09-2025,22,Quarterly,1200,Walk-in,Active,
M2035,10-01-2026,31,Quarterly,1200,Walk-in,Active,
M2036,17-04-2025,32,Quarterly,1200,Walk-in,Active,
M2037,04-01-2026,34,Monthly,1500,Instagram,Cancelled,15-03-2026
M2038,03-12-2025,21,Quarterly,1200,Instagram,Active,
M2039,21-09-2025,41,Quarterly,1200,Instagram,Active,
M2040,07-01-2025,23,Monthly,1500,Walk-in,Cancelled,13-05-2025
M2041,16-03-2026,32,Monthly,1500,Referral,Active,
M2042,12-04-2026,28,Monthly,1500,Referral,Active,
M2043,03-09-2025,34,Annual,1000,Instagram,Active,
M2044,15-01-2026,33,Monthly,1500,Walk-in,Cancelled,30-06-2026
M2045,24-07-2025,40,Monthly,1500,Walk-in,Active,
M2046,27-01-2026,35,Quarterly,1200,Google,Cancelled,30-06-2026
M2047,29-03-2025,35,Annual,1000,Instagram,Active,
M2048,17-02-2025,17,Quarterly,1200,Walk-in,Active,
M2049,26-02-2025,27,Monthly,1500,Referral,Active,
M2050,06-10-2025,31,Quarterly,1200,Referral,Active,
M2051,08-01-2025,28,Annual,1000,Referral,Active,
M2052,12-07-2025,23,Annual,1000,Walk-in,Active,
M2053,21-06-2025,25,Monthly,1500,Referral,Active,
M2054,24-03-2026,17,Monthly,1500,Google,Active,
M2055,18-02-2025,39,Quarterly,1200,Instagram,Cancelled,29-04-2025
M2056,03-01-2026,43,Quarterly,1200,Referral,Active,
M2057,04-02-2026,31,Monthly,1500,Referral,Active,
M2058,04-03-2025,21,Quarterly,1200,Google,Active,
M2059,24-09-2025,33,Monthly,1500,Instagram,Active,
M2060,13-09-2025,27,Annual,1000,Referral,Active,
M2061,05-01-2025,28,Quarterly,1200,Instagram,Active,
M2062,20-05-2025,38,Monthly,1500,Walk-in,Active,
M2063,01-06-2025,25,Monthly,1500,Google,Cancelled,01-11-2025
M2064,28-01-2026,29,Quarterly,1200,Referral,Active,
M2065,09-01-2026,33,Annual,1000,Instagram,Cancelled,08-04-2026
M2066,02-02-2025,18,Quarterly,1200,Referral,Cancelled,01-03-2025
M2067,12-01-2026,36,Monthly,1500,Walk-in,Cancelled,07-04-2026
M2068,18-07-2025,30,Quarterly,1200,Instagram,Cancelled,05-01-2026
M2069,27-02-2025,28,Quarterly,1200,Referral,Cancelled,13-06-2026
M2070,12-04-2025,30,Monthly,1500,Google,Active,
M2071,23-01-2025,23,Annual,1000,Referral,Active,
M2072,20-04-2026,36,Annual,1000,Instagram,Active,
M2073,03-07-2025,35,Monthly,1500,Walk-in,Cancelled,18-08-2025
M2074,19-04-2026,33,Quarterly,1200,Google,Cancelled,30-06-2026
M2075,04-03-2025,22,Quarterly,1200,Google,Cancelled,04-08-2025
M2076,27-07-2025,26,Monthly,1500,Google,Cancelled,23-09-2025
M2077,14-02-2025,33,Annual,1000,Instagram,Active,
M2078,15-12-2025,31,Monthly,1500,Walk-in,Cancelled,21-01-2026
M2079,02-12-2025,34,Monthly,1500,Instagram,Cancelled,19-02-2026
M2080,28-02-2026,32,Monthly,1500,Google,Cancelled,19-04-2026
M2081,24-12-2025,28,Monthly,1500,Instagram,Cancelled,15-02-2026
M2082,11-10-2025,40,Monthly,1500,Instagram,Cancelled,25-04-2026
M2083,13-01-2025,26,Monthly,1500,Google,Cancelled,06-05-2025
M2084,12-01-2025,36,Monthly,1500,Walk-in,Cancelled,18-03-2025
M2085,09-08-2025,38,Annual,1000,Google,Active,
M2086,12-03-2025,30,Monthly,1500,Instagram,Cancelled,29-05-2025
M2087,16-06-2025,34,Quarterly,1200,Walk-in,Cancelled,09-11-2025
M2088,22-10-2025,21,Quarterly,1200,Walk-in,Active,
M2089,03-06-2025,33,Monthly,1500,Walk-in,Active,
M2090,22-01-2026,29,Annual,1000,Instagram,Active,
M2091,24-10-2025,27,Monthly,1500,Instagram,Cancelled,20-12-2025
M2092,31-07-2025,35,Annual,1000,Referral,Active,
M2093,12-09-2025,44,Monthly,1500,Google,Active,
M2094,20-01-2026,24,Quarterly,1200,Referral,Active,
M2095,24-11-2025,29,Annual,1000,Instagram,Active,
M2096,19-01-2026,29,Annual,1000,Google,Active,
M2097,26-11-2025,27,Quarterly,1200,Referral,Active,
M2098,10-02-2026,45,Monthly,1500,Walk-in,Active,
M2099,06-10-2025,26,Annual,1000,Referral,Active,
M2100,11-05-2025,42,Quarterly,1200,Google,Active,
M2101,17-06-2025,32,Quarterly,1200,Instagram,Active,
M2102,01-04-2025,25,Monthly,1500,Walk-in,Active,
M2103,21-01-2025,40,Quarterly,1200,Instagram,Cancelled,30-06-2026
M2104,21-03-2025,37,Monthly,1500,Referral,Cancelled,12-07-2025
M2105,22-01-2025,34,Quarterly,1200,Instagram,Cancelled,29-06-2025
M2106,15-04-2025,32,Quarterly,1200,Walk-in,Active,
M2107,20-09-2025,32,Monthly,1500,Referral,Active,
M2108,08-07-2025,29,Monthly,1500,Referral,Cancelled,01-08-2025
M2109,03-03-2026,17,Annual,1000,Google,Active,
M2110,24-07-2025,26,Monthly,1500,Google,Active,
M2111,21-07-2025,25,Quarterly,1200,Google,Active,
M2112,12-01-2025,22,Monthly,1500,Walk-in,Cancelled,23-03-2025
M2113,10-04-2025,24,Annual,1000,Walk-in,Active,
M2114,13-10-2025,27,Quarterly,1200,Instagram,Cancelled,05-11-2025
M2115,18-12-2025,29,Quarterly,1200,Google,Active,
M2116,05-06-2025,19,Monthly,1500,Instagram,Active,
M2117,17-01-2025,36,Monthly,1500,Walk-in,Cancelled,18-12-2024
M2118,20-01-2026,29,Monthly,1500,Instagram,Cancelled,30-06-2026
M2119,16-09-2025,26,Annual,1000,Instagram,Active,
M2120,04-01-2026,40,Quarterly,1200,Instagram,Cancelled,01-05-2026
M2121,09-03-2026,39,Monthly,1500,Walk-in,Active,
M2122,29-03-2026,22,Annual,1000,Walk-in,Active,
M2123,14-01-2026,33,Quarterly,1200,Instagram,Active,
M2124,15-01-2025,17,Quarterly,1200,Walk-in,Active,
M2125,27-08-2025,43,Quarterly,1200,Google,Cancelled,11-10-2025
M2126,03-04-2025,28,Quarterly,1200,Walk-in,Active,
M2127,28-01-2026,29,Monthly,1500,Google,Active,
M2128,09-01-2025,25,Quarterly,1200,Instagram,Active,
M2129,25-01-2026,31,Annual,1000,Google,Active,
M2130,05-03-2026,29,Quarterly,1200,Walk-in,Active,
M2131,14-01-2025,36,Annual,1000,Instagram,Active,
M2132,01-10-2025,36,Monthly,1500,Walk-in,Cancelled,30-06-2026
M2133,22-03-2025,26,Monthly,1500,Instagram,Cancelled,25-04-2025
M2134,09-06-2025,22,Monthly,1500,Google,Cancelled,30-06-2026
M2135,28-02-2026,29,Quarterly,1200,Walk-in,Active,
M2136,11-01-2026,24,Quarterly,1200,Instagram,Cancelled,21-02-2026
M2137,14-05-2025,24,Monthly,1500,Walk-in,Cancelled,16-07-2025
M2138,02-03-2026,29,Quarterly,1200,Referral,Cancelled,20-05-2026
M2139,21-01-2025,35,Quarterly,1200,Google,Active,
M2140,31-01-2025,31,Monthly,1500,Instagram,Active,
M2141,09-01-2025,24,Monthly,1500,Instagram,Cancelled,09-07-2025
M2142,15-01-2026,33,Monthly,1500,Google,Cancelled,19-03-2026
M2143,19-02-2025,17,Quarterly,1200,Google,Active,
M2144,02-01-2025,23,Monthly,1500,Instagram,Cancelled,10-06-2025
M2145,15-10-2025,28,Monthly,1500,Instagram,Active,
M2146,12-10-2025,17,Monthly,1500,Referral,Active,
M2147,06-02-2026,23,Monthly,1500,Instagram,Active,
M2148,22-11-2025,28,Annual,1000,Walk-in,Active,
M2149,15-05-2025,30,Annual,1000,Instagram,Active,
M2150,17-11-2025,33,Monthly,1500,Instagram,Cancelled,04-01-2026
M2151,29-04-2026,27,Monthly,1500,Referral,Active,
M2152,05-01-2025,28,Quarterly,1200,Instagram,Cancelled,16-05-2025
M2153,10-01-2025,33,Quarterly,1200,Walk-in,Cancelled,29-04-2025
M2154,20-03-2025,21,Quarterly,1200,Referral,Active,
M2155,22-08-2025,35,Monthly,1500,Walk-in,Cancelled,15-09-2025
M2156,04-01-2025,35,Annual,1000,Instagram,Active,
M2157,29-04-2025,37,Quarterly,1200,Google,Cancelled,25-05-2025
M2158,30-05-2025,20,Monthly,1500,Walk-in,Active,
M2159,05-01-2026,29,Quarterly,1200,Google,Cancelled,17-02-2026
M2160,24-03-2025,25,Quarterly,1200,Instagram,Active,
M2161,24-01-2026,26,Quarterly,1200,Referral,Active,
M2162,06-03-2025,28,Quarterly,1200,Google,Active,
M2163,30-10-2025,39,Annual,1000,Referral,Active,
M2164,08-01-2026,28,Quarterly,1200,Walk-in,Active,
M2165,04-05-2025,40,Quarterly,1200,Walk-in,Active,
M2166,27-02-2025,42,Monthly,1500,Instagram,Active,
M2167,10-01-2025,17,Monthly,1500,Walk-in,Active,
M2168,04-10-2025,21,Monthly,1500,Instagram,Cancelled,05-12-2025
M2169,14-12-2025,37,Monthly,1500,Referral,Active,
M2170,03-05-2025,30,Annual,1000,Instagram,Active,
M2171,18-05-2025,30,Monthly,1500,Walk-in,Active,
M2172,05-01-2026,24,Quarterly,1200,Google,Cancelled,20-04-2026
M2173,25-01-2026,27,Monthly,1500,Referral,Cancelled,26-12-2025
M2174,28-05-2025,35,Monthly,1500,Instagram,Active,
M2175,27-06-2025,18,Quarterly,1200,Google,Active,
M2176,14-08-2025,17,Monthly,1500,Walk-in,Cancelled,21-09-2025
M2177,10-08-2025,33,Quarterly,1200,Google,Active,
M2178,13-11-2025,23,Annual,1000,Google,Active,
M2179,03-01-2026,34,Quarterly,1200,Instagram,Active,
M2180,04-02-2025,28,Quarterly,1200,Instagram,Cancelled,24-02-2025
M2181,27-06-2025,37,Quarterly,1200,Instagram,Active,
M2182,13-09-2025,41,Monthly,1500,Walk-in,Cancelled,06-02-2026
M2183,17-01-2026,38,Annual,1000,Instagram,Active,
M2184,13-01-2025,33,Annual,1000,Walk-in,Active,
M2185,13-10-2025,33,Annual,1000,Instagram,Active,
M2186,11-04-2025,39,Annual,1000,Walk-in,Active,
M2187,02-01-2025,31,Quarterly,1200,Referral,Active,
M2188,20-01-2025,34,Quarterly,1200,Instagram,Cancelled,29-04-2025
M2189,27-09-2025,25,Quarterly,1200,Instagram,Active,
M2190,11-01-2026,29,Monthly,1500,Google,Active,
M2191,31-01-2026,17,Quarterly,1200,Instagram,Active,
M2192,09-07-2025,37,Quarterly,1200,Instagram,Active,
M2193,14-01-2026,33,Monthly,1500,Instagram,Active,
M2194,05-01-2026,42,Monthly,1500,Walk-in,Active,
M2195,02-01-2025,21,Monthly,1500,Instagram,Cancelled,28-09-2025
M2196,12-01-2026,33,Monthly,1500,Walk-in,Active,
M2197,11-02-2025,28,Monthly,1500,Walk-in,Cancelled,01-10-2025
M2198,06-01-2026,29,Monthly,1500,Walk-in,Cancelled,30-06-2026
M2199,10-12-2025,39,Monthly,1500,Instagram,Cancelled,03-01-2026
M2200,10-06-2025,38,Monthly,1500,Instagram,Active,
M2201,13-11-2025,29,Monthly,1500,Walk-in,Active,
M2202,01-09-2025,29,Quarterly,1200,Instagram,Active,
M2203,30-11-2025,24,Monthly,1500,Google,Active,
M2204,29-04-2025,39,Monthly,1500,Instagram,Cancelled,31-05-2025
M2205,27-09-2025,29,Quarterly,1200,Walk-in,Active,
M2206,10-05-2025,29,Monthly,1500,Instagram,Active,
M2207,10-05-2025,23,Quarterly,1200,Google,Active,
M2208,18-07-2025,33,Monthly,1500,Instagram,Cancelled,21-11-2025
M2209,12-08-2025,26,Monthly,1500,Referral,Active,
M2210,16-01-2025,24,Monthly,1500,Instagram,Cancelled,23-04-2026
M2211,02-07-2025,31,Annual,1000,Referral,Active,
M2212,28-01-2025,28,Quarterly,1200,Referral,Active,
M2213,14-05-2025,32,Annual,1000,Instagram,Active,
M2214,19-12-2025,20,Quarterly,1200,Referral,Active,
M2215,11-11-2025,32,Quarterly,1200,Instagram,Active,
M2216,07-04-2026,38,Annual,1000,Referral,Active,
M2217,12-04-2026,40,Monthly,1500,Walk-in,Active,
M2218,13-01-2026,18,Annual,1000,Instagram,Active,
M2219,13-01-2025,33,Annual,1000,Walk-in,Active,
M2220,12-02-2026,17,Annual,1000,Referral,Active,
M2221,24-01-2026,28,Monthly,1500,Walk-in,Cancelled,26-03-2026
M2222,30-07-2025,17,Quarterly,1200,Referral,Active,
M2223,05-04-2026,24,Monthly,1500,Instagram,Active,
M2224,15-01-2026,18,Quarterly,1200,Google,Cancelled,30-06-2026
M2225,27-03-2026,30,Monthly,1500,Walk-in,Active,
M2226,25-01-2026,19,Monthly,1500,Google,Cancelled,30-06-2026
M2227,18-07-2025,20,Quarterly,1200,Walk-in,Cancelled,01-12-2025
M2228,17-08-2025,40,Annual,1000,Walk-in,Active,
M2229,22-07-2025,21,Annual,1000,Referral,Active,
M2230,07-01-2025,22,Annual,1000,Walk-in,Active,
M2231,20-01-2026,26,Annual,1000,Google,Active,
M2232,09-10-2025,35,Monthly,1500,Google,Cancelled,18-05-2026
M2233,07-04-2026,28,Quarterly,1200,Walk-in,Active,
M2234,05-01-2025,21,Monthly,1500,Walk-in,Cancelled,24-02-2025
M2235,05-04-2025,25,Monthly,1500,Instagram,Active,
M2236,04-01-2026,27,Annual,1000,Google,Cancelled,25-06-2026
M2237,17-09-2025,32,Annual,1000,Referral,Active,
M2238,13-01-2026,28,Monthly,1500,Instagram,Active,
M2239,28-10-2025,26,Quarterly,1200,Walk-in,Active,
M2240,10-01-2025,26,Monthly,1500,Instagram,Cancelled,28-07-2025
M2241,04-12-2025,32,Monthly,1500,Instagram,Active,
M2242,28-04-2026,26,Monthly,1500,Walk-in,Cancelled,30-06-2026
M2243,10-01-2026,22,Quarterly,1200,Instagram,Cancelled,18-02-2026
M2244,05-01-2025,20,Quarterly,1200,Walk-in,Cancelled,14-04-2025
M2245,09-10-2025,29,Annual,1000,Instagram,Active,
M2246,14-01-2025,35,Annual,1000,Referral,Active,
M2247,20-07-2025,28,Quarterly,1200,Walk-in,Active,
M2248,10-01-2026,24,Quarterly,1200,Walk-in,Cancelled,30-06-2026
M2249,29-03-2026,24,Quarterly,1200,Walk-in,Cancelled,30-06-2026
M2250,07-06-2025,28,Annual,1000,Walk-in,Active,
M2251,22-10-2025,33,Monthly,1500,Instagram,Active,
M2252,18-03-2025,18,Monthly,1500,Instagram,Active,
M2253,30-01-2026,31,Monthly,1500,Instagram,Cancelled,30-06-2026
M2254,08-01-2025,22,Monthly,1500,Referral,Cancelled,22-06-2025
M2255,09-01-2025,22,Quarterly,1200,Walk-in,Cancelled,22-03-2025
M2256,04-01-2026,39,Monthly,1500,Walk-in,Cancelled,30-06-2026
M2257,23-11-2025,27,Annual,1000,Referral,Active,
M2258,23-01-2026,34,Annual,1000,Referral,Active,
M2259,22-01-2026,27,Monthly,1500,Walk-in,Cancelled,07-06-2026
M2260,22-01-2026,27,Annual,1000,Instagram,Active,
M2261,20-04-2025,17,Quarterly,1200,Instagram,Cancelled,02-06-2025
M2262,18-03-2026,24,Quarterly,1200,Walk-in,Active,
M2263,04-01-2025,33,Quarterly,1200,Walk-in,Active,
M2264,06-02-2026,37,Quarterly,1200,Referral,Active,
M2265,25-11-2025,27,Monthly,1500,Referral,Active,
M2266,03-01-2026,29,Quarterly,1200,Walk-in,Cancelled,16-02-2026
M2267,26-01-2025,37,Annual,1000,Walk-in,Cancelled,17-06-2025
M2268,20-01-2026,32,Monthly,1500,Referral,Active,
M2269,19-02-2026,20,Annual,1000,Walk-in,Active,
M2270,12-01-2026,40,Annual,1000,Instagram,Active,
M2271,04-01-2026,33,Quarterly,1200,Referral,Active,
M2272,20-12-2025,28,Annual,1000,Google,Active,
M2273,23-01-2026,35,Monthly,1500,Instagram,Active,
M2274,28-01-2026,26,Quarterly,1200,Instagram,Cancelled,21-02-2026
M2275,18-12-2025,24,Annual,1000,Walk-in,Active,
M2276,02-05-2025,21,Quarterly,1200,Instagram,Cancelled,25-06-2025
M2277,07-01-2026,38,Monthly,1500,Instagram,Active,
M2278,05-01-2025,41,Quarterly,1200,Walk-in,Cancelled,25-05-2025
M2279,11-06-2025,24,Monthly,1500,Referral,Cancelled,06-09-2025
M2280,04-01-2026,29,Monthly,1500,Google,Cancelled,30-06-2026
M2281,25-01-2026,37,Monthly,1500,Walk-in,Cancelled,25-04-2026
M2282,17-02-2026,27,Quarterly,1200,Instagram,Active,
M2283,28-01-2026,31,Monthly,1500,Walk-in,Active,
M2284,29-03-2025,38,Monthly,1500,Instagram,Cancelled,06-05-2025
M2285,02-07-2025,31,Monthly,1500,Walk-in,Cancelled,23-10-2025
M2286,04-01-2026,35,Monthly,1500,Instagram,Cancelled,13-04-2026
M2287,28-08-2025,39,Monthly,1500,Referral,Cancelled,18-11-2025
M2288,19-04-2026,35,Quarterly,1200,Instagram,Active,
M2289,06-10-2025,40,Quarterly,1200,Walk-in,Cancelled,07-04-2026
M2290,11-01-2025,39,Monthly,1500,Google,Active,
M2291,20-04-2026,39,Quarterly,1200,Google,Cancelled,25-06-2026
M2292,27-08-2025,24,Monthly,1500,Instagram,Active,
M2293,26-09-2025,27,Monthly,1500,Instagram,Cancelled,13-11-2025
M2294,07-08-2025,31,Annual,1000,Walk-in,Active,
M2295,04-09-2025,53,Quarterly,1200,Referral,Active,
M2296,05-04-2025,29,Monthly,1500,Walk-in,Active,
M2297,03-09-2025,37,Quarterly,1200,Walk-in,Cancelled,28-12-2025
M2298,20-04-2025,21,Monthly,1500,Referral,Cancelled,25-05-2025
M2299,13-03-2026,33,Monthly,1500,Google,Cancelled,26-04-2026
M2300,15-11-2025,29,Quarterly,1200,Google,Active,
M2301,29-09-2025,37,Monthly,1500,Instagram,Cancelled,10-11-2025
M2302,12-01-2026,30,Annual,1000,Instagram,Cancelled,07-05-2026
M2303,05-01-2026,36,Monthly,1500,Google,Active,
M2304,27-02-2026,17,Annual,1000,Referral,Active,
M2305,21-08-2025,17,Monthly,1500,Google,Active,
M2306,12-11-2025,30,Annual,1000,Instagram,Active,
M2307,18-01-2026,35,Monthly,1500,Instagram,Cancelled,14-02-2026
M2308,05-01-2025,28,Quarterly,1200,Walk-in,Cancelled,23-09-2025
M2309,01-01-2026,18,Quarterly,1200,Google,Active,
M2310,04-01-2026,40,Annual,1000,Walk-in,Active,
M2311,27-01-2025,17,Quarterly,1200,Walk-in,Cancelled,27-09-2025
M2312,30-09-2025,37,Monthly,1500,Google,Active,
M2313,12-02-2026,22,Monthly,1500,Walk-in,Cancelled,15-03-2026
M2314,13-01-2026,26,Quarterly,1200,Google,Active,
M2315,25-03-2026,33,Monthly,1500,Google,Cancelled,30-06-2026
M2316,15-10-2025,26,Annual,1000,Walk-in,Active,
M2317,23-10-2025,27,Monthly,1500,Google,Cancelled,19-02-2026
M2318,03-01-2026,22,Monthly,1500,Google,Cancelled,21-04-2026
M2319,28-04-2026,26,Monthly,1500,Instagram,Cancelled,16-06-2026
M2320,11-08-2025,27,Quarterly,1200,Instagram,Active,
M2321,02-01-2026,17,Quarterly,1200,Instagram,Cancelled,16-02-2026
M2322,21-11-2025,30,Monthly,1500,Instagram,Active,
M2323,23-01-2025,40,Monthly,1500,Instagram,Cancelled,17-02-2025
M2324,14-03-2026,30,Monthly,1500,Google,Cancelled,15-04-2026
M2325,28-06-2025,35,Monthly,1500,Instagram,Cancelled,03-08-2025
M2326,10-03-2025,28,Annual,1000,Walk-in,Active,
M2327,08-05-2025,32,Monthly,1500,Walk-in,Cancelled,03-06-2025
M2328,28-07-2025,19,Monthly,1500,Referral,Active,
M2329,26-02-2026,29,Quarterly,1200,Walk-in,Active,
M2330,17-01-2025,19,Annual,1000,Instagram,Cancelled,05-04-2025
M2331,08-11-2025,32,Monthly,1500,Instagram,Active,
M2332,24-02-2025,25,Quarterly,1200,Instagram,Cancelled,19-04-2025
M2333,20-02-2026,17,Quarterly,1200,Walk-in,Active,
M2334,24-01-2026,36,Quarterly,1200,Walk-in,Cancelled,23-02-2026
M2335,04-08-2025,27,Quarterly,1200,Referral,Active,
M2336,09-01-2026,18,Quarterly,1200,Walk-in,Active,
M2337,22-02-2025,24,Quarterly,1200,Referral,Cancelled,14-10-2025
M2338,03-04-2026,38,Quarterly,1200,Google,Active,
M2339,16-01-2025,32,Quarterly,1200,Walk-in,Cancelled,05-02-2025
M2340,02-01-2025,23,Monthly,1500,Instagram,Active,
M2341,23-04-2026,21,Monthly,1500,Instagram,Active,
M2342,22-01-2025,40,Annual,1000,Referral,Active,
M2343,19-03-2026,25,Quarterly,1200,Google,Active,
M2344,06-06-2025,18,Monthly,1500,Google,Active,
M2345,18-09-2025,23,Quarterly,1200,Instagram,Cancelled,14-11-2025
M2346,24-07-2025,30,Monthly,1500,Walk-in,Active,
M2347,13-04-2025,26,Monthly,1500,Google,Active,
M2348,27-11-2025,21,Quarterly,1200,Google,Cancelled,19-04-2026
M2349,03-01-2026,17,Quarterly,1200,Google,Cancelled,30-06-2026
M2350,17-10-2025,37,Annual,1000,Walk-in,Active,
M2351,19-11-2025,23,Quarterly,1200,Instagram,Cancelled,22-01-2026
M2352,14-06-2025,33,Monthly,1500,Google,Cancelled,20-07-2025
M2353,19-01-2026,25,Quarterly,1200,Walk-in,Active,
M2354,14-11-2025,30,Monthly,1500,Walk-in,Active,
M2355,01-09-2025,21,Annual,1000,Google,Active,
M2356,20-01-2026,24,Monthly,1500,Google,Cancelled,04-04-2026
M2357,10-01-2026,20,Annual,1000,Walk-in,Cancelled,30-06-2026
M2358,24-05-2025,18,Monthly,1500,Referral,Active,
M2359,17-08-2025,33,Annual,1000,Referral,Active,
M2360,01-01-2026,30,Monthly,1500,Walk-in,Cancelled,22-06-2026
M2361,28-12-2025,27,Quarterly,1200,Referral,Active,
M2362,16-04-2025,28,Monthly,1500,Instagram,Active,
M2363,17-04-2026,17,Monthly,1500,Walk-in,Active,
M2364,05-01-2025,17,Monthly,1500,Instagram,Cancelled,06-02-2025
M2365,04-06-2025,25,Monthly,1500,Google,Active,
M2366,24-01-2025,36,Annual,1000,Google,Active,
M2367,17-01-2026,37,Quarterly,1200,Referral,Active,
M2368,01-07-2025,20,Quarterly,1200,Walk-in,Active,
M2369,14-11-2025,30,Monthly,1500,Instagram,Cancelled,26-12-2025
M2370,04-01-2026,29,Quarterly,1200,Referral,Cancelled,26-02-2026
M2371,24-04-2025,22,Monthly,1500,Instagram,Cancelled,05-10-2025
M2372,09-10-2025,41,Quarterly,1200,Walk-in,Cancelled,27-12-2025
M2373,21-07-2025,34,Monthly,1500,Referral,Active,
M2374,18-01-2026,29,Monthly,1500,Instagram,Active,
M2375,21-10-2025,26,Monthly,1500,Instagram,Cancelled,30-06-2026
M2376,05-07-2025,42,Monthly,1500,Walk-in,Cancelled,14-10-2025
M2377,23-03-2025,25,Monthly,1500,Referral,Active,
M2378,02-01-2025,24,Monthly,1500,Instagram,Active,
M2379,23-02-2025,40,Monthly,1500,Google,Cancelled,18-04-2025
M2380,18-04-2025,33,Quarterly,1200,Instagram,Active,
M2381,12-04-2025,26,Monthly,1500,Referral,Active,
M2382,29-12-2025,32,Monthly,1500,Walk-in,Active,
M2383,02-03-2026,23,Monthly,1500,Walk-in,Cancelled,30-06-2026
M2384,06-10-2025,36,Quarterly,1200,Walk-in,Active,
M2385,07-11-2025,26,Monthly,1500,Referral,Active,
M2386,02-02-2025,40,Annual,1000,Google,Active,
M2387,10-03-2026,31,Quarterly,1200,Walk-in,Active,
M2388,11-01-2026,26,Monthly,1500,Instagram,Cancelled,30-06-2026
M2389,17-01-2026,34,Annual,1000,Google,Cancelled,29-03-2026
M2390,29-09-2025,25,Monthly,1500,Walk-in,Cancelled,24-11-2025
M2391,21-12-2025,37,Annual,1000,Instagram,Cancelled,16-01-2026
M2392,29-11-2025,24,Monthly,1500,Google,Active,
M2393,23-02-2025,20,Monthly,1500,Instagram,Cancelled,27-03-2025
M2394,17-01-2026,36,Monthly,1500,Walk-in,Cancelled,06-02-2026
M2395,23-01-2025,38,Monthly,1500,Walk-in,Active,
M2396,20-03-2026,29,Monthly,1500,Instagram,Cancelled,25-04-2026
M2397,25-06-2025,24,Annual,1000,Walk-in,Active,
M2398,03-05-2025,33,Monthly,1500,Instagram,Cancelled,27-05-2025
M2399,09-01-2026,26,Quarterly,1200,Google,Active,
M2400,08-03-2026,21,Quarterly,1200,Instagram,Active,
M2401,28-01-2025,27,Annual,1000,Google,Active,
M2402,08-02-2025,22,Monthly,1500,Google,Cancelled,19-06-2025
M2403,27-01-2025,26,Monthly,1500,Instagram,Cancelled,07-04-2025
M2404,06-01-2026,17,Monthly,1500,Walk-in,Cancelled,11-03-2026
M2405,15-02-2025,20,Quarterly,1200,Instagram,Cancelled,25-06-2025
M2406,11-01-2025,17,Monthly,1500,Walk-in,Cancelled,10-03-2025
M2407,12-04-2026,26,Monthly,1500,Instagram,Cancelled,20-06-2026
M2408,29-03-2026,17,Annual,1000,Referral,Active,
M2409,15-01-2025,19,Monthly,1500,Instagram,Cancelled,04-03-2025
M2410,16-02-2026,32,Annual,1000,Referral,Active,
M2411,17-11-2025,29,Quarterly,1200,Referral,Active,
M2412,28-04-2025,30,Quarterly,1200,Instagram,Active,
M2413,28-06-2025,22,Quarterly,1200,Instagram,Cancelled,16-10-2025
M2414,19-04-2025,38,Monthly,1500,Walk-in,Cancelled,27-11-2025
M2415,08-01-2025,17,Monthly,1500,Referral,Active,
M2416,10-01-2025,17,Quarterly,1200,Google,Active,
M2417,13-01-2025,22,Annual,1000,Walk-in,Active,
M2418,12-01-2025,19,Monthly,1500,Referral,Cancelled,25-03-2025
M2419,01-01-2026,20,Monthly,1500,Walk-in,Cancelled,29-06-2026
M2420,23-03-2026,17,Monthly,1500,Walk-in,Active,
M2421,23-02-2026,34,Annual,1000,Google,Active,
M2422,30-01-2026,26,Monthly,1500,Walk-in,Cancelled,05-04-2026
M2423,02-01-2025,38,Annual,1000,Referral,Active,
M2424,26-01-2025,36,Monthly,1500,Walk-in,Cancelled,05-04-2025
M2425,27-04-2025,29,Annual,1000,Referral,Active,
M2426,09-01-2025,41,Annual,1000,Walk-in,Active,
M2427,02-02-2025,40,Monthly,1500,Instagram,Cancelled,01-03-2025
M2428,18-07-2025,31,Monthly,1500,Referral,Active,
M2429,11-03-2026,35,Monthly,1500,Referral,Active,
M2430,04-11-2025,23,Monthly,1500,Referral,Cancelled,29-05-2026
M2431,16-03-2026,25,Quarterly,1200,Instagram,Active,
M2432,29-07-2025,24,Monthly,1500,Google,Active,
M2433,06-09-2025,18,Quarterly,1200,Instagram,Cancelled,10-05-2026
M2434,05-01-2026,33,Annual,1000,Referral,Active,
M2435,04-05-2025,39,Monthly,1500,Walk-in,Cancelled,17-07-2025
M2436,31-03-2025,25,Quarterly,1200,Referral,Active,
M2437,06-01-2026,26,Quarterly,1200,Google,Active,
M2438,22-07-2025,26,Quarterly,1200,Google,Active,
M2439,29-04-2025,42,Monthly,1500,Referral,Active,
M2440,10-01-2025,26,Quarterly,1200,Instagram,Active,
M2441,29-09-2025,31,Monthly,1500,Instagram,Cancelled,05-11-2025
M2442,13-02-2026,25,Quarterly,1200,Instagram,Active,
M2443,05-01-2026,26,Quarterly,1200,Google,Cancelled,30-06-2026
M2444,30-08-2025,28,Monthly,1500,Walk-in,Active,
M2445,05-01-2026,32,Quarterly,1200,Referral,Active,
M2446,23-03-2025,31,Quarterly,1200,Referral,Active,
M2447,21-04-2025,38,Quarterly,1200,Google,Active,
M2448,09-11-2025,39,Monthly,1500,Google,Cancelled,07-12-2025
M2449,10-10-2025,36,Monthly,1500,Walk-in,Cancelled,31-12-2025
M2450,04-01-2025,39,Annual,1000,Instagram,Active,
M2451,25-04-2025,24,Quarterly,1200,Walk-in,Active,
M2452,20-01-2025,17,Monthly,1500,Instagram,Cancelled,21-12-2024
M2453,18-01-2026,35,Quarterly,1200,Walk-in,Cancelled,09-05-2026
M2454,11-02-2026,44,Annual,1000,Walk-in,Active,
M2455,04-11-2025,39,Monthly,1500,Instagram,Active,
M2456,17-11-2025,38,Monthly,1500,Walk-in,Active,
M2457,23-12-2025,31,Monthly,1500,Walk-in,Active,
M2458,27-01-2026,21,Annual,1000,Instagram,Active,
M2459,03-03-2025,39,Monthly,1500,Instagram,Cancelled,18-10-2025
M2460,18-01-2025,18,Annual,1000,Google,Cancelled,02-04-2025
M2461,16-07-2025,28,Quarterly,1200,Instagram,Active,
M2462,11-01-2025,35,Quarterly,1200,Referral,Active,
M2463,31-01-2026,23,Monthly,1500,Instagram,Cancelled,06-06-2026
M2464,27-05-2025,31,Annual,1000,Instagram,Active,
M2465,10-12-2025,26,Quarterly,1200,Google,Active,
M2466,28-07-2025,24,Quarterly,1200,Referral,Active,
M2467,26-01-2026,27,Quarterly,1200,Instagram,Cancelled,10-03-2026
M2468,26-12-2025,29,Monthly,1500,Google,Cancelled,30-06-2026
M2469,18-10-2025,29,Monthly,1500,Walk-in,Active,
M2470,03-01-2025,29,Annual,1000,Google,Active,
M2471,05-01-2026,36,Quarterly,1200,Instagram,Cancelled,10-05-2026
M2472,21-08-2025,30,Annual,1000,Instagram,Active,
M2473,02-01-2026,23,Monthly,1500,Walk-in,Active,
M2474,24-09-2025,35,Quarterly,1200,Google,Active,
M2475,01-02-2026,40,Annual,1000,Walk-in,Active,
M2476,03-02-2025,32,Monthly,1500,Instagram,Cancelled,07-04-2025
M2477,04-02-2026,26,Monthly,1500,Referral,Cancelled,25-02-2026
M2478,23-01-2025,17,Quarterly,1200,Walk-in,Active,
M2479,26-08-2025,34,Monthly,1500,Instagram,Cancelled,24-03-2026
M2480,06-04-2025,34,Monthly,1500,Google,Active,
M2481,28-03-2026,27,Annual,1000,Google,Active,
M2482,22-09-2025,30,Monthly,1500,Instagram,Cancelled,31-03-2026
M2483,14-01-2026,25,Monthly,1500,Referral,Active,
M2484,19-01-2025,23,Quarterly,1200,Walk-in,Active,
M2485,13-01-2026,24,Quarterly,1200,Walk-in,Active,
M2486,28-01-2025,21,Monthly,1500,Referral,Active,
M2487,22-04-2025,29,Monthly,1500,Referral,Active,
M2488,13-01-2025,22,Monthly,1500,Walk-in,Cancelled,10-06-2025
M2489,24-03-2025,40,Monthly,1500,Instagram,Active,
M2490,20-08-2025,17,Quarterly,1200,Instagram,Cancelled,28-11-2025
M2491,21-05-2025,29,Monthly,1500,Walk-in,Cancelled,06-12-2025
M2492,10-03-2026,18,Monthly,1500,Instagram,Active,
M2493,11-02-2026,23,Quarterly,1200,Referral,Active,
M2494,23-07-2025,31,Annual,1000,Instagram,Cancelled,10-09-2025
M2495,25-06-2025,17,Quarterly,1200,Referral,Active,
M2496,30-06-2025,37,Monthly,1500,Walk-in,Active,
M2497,19-11-2025,17,Monthly,1500,Walk-in,Active,
M2498,18-03-2025,20,Annual,1000,Walk-in,Active,
M2499,27-02-2025,27,Monthly,1500,Google,Cancelled,15-05-2025
M2500,24-01-2025,44,Monthly,1500,Walk-in,Active,
M2501,15-01-2026,22,Quarterly,1200,Walk-in,Active,
M2502,15-11-2025,17,Monthly,1500,Referral,Cancelled,23-03-2026
M2503,25-11-2025,36,Quarterly,1200,Referral,Active,
M2504,25-01-2025,34,Monthly,1500,Google,Cancelled,09-12-2025
M2505,03-01-2026,40,Annual,1000,Instagram,Active,
M2506,05-02-2025,23,Monthly,1500,Google,Cancelled,14-03-2025
M2507,14-09-2025,32,Monthly,1500,Walk-in,Cancelled,10-12-2025
M2508,09-05-2025,39,Annual,1000,Google,Active,
M2509,18-01-2025,30,Monthly,1500,Instagram,Cancelled,03-03-2025
M2510,30-10-2025,40,Monthly,1500,Google,Active,
M2511,28-02-2026,30,Monthly,1500,Walk-in,Active,
M2512,13-03-2025,27,Quarterly,1200,Walk-in,Active,
M2513,26-01-2025,37,Monthly,1500,Referral,Cancelled,14-03-2025
M2514,17-06-2025,32,Monthly,1500,Walk-in,Active,
M2515,15-09-2025,28,Quarterly,1200,Walk-in,Active,
M2516,08-01-2026,37,Monthly,1500,Google,Cancelled,21-02-2026
M2517,23-01-2026,39,Monthly,1500,Instagram,Active,
M2518,06-04-2026,38,Monthly,1500,Walk-in,Active,
M2519,27-08-2025,32,Monthly,1500,Referral,Cancelled,12-03-2026
M2520,30-07-2025,26,Quarterly,1200,Instagram,Cancelled,08-09-2025
M2521,15-02-2025,17,Quarterly,1200,Referral,Active,
M2522,15-02-2025,17,Quarterly,1200,Referral,Cancelled,08-12-2025
M2523,27-06-2025,32,Annual,1000,Google,Active,
M2524,09-07-2025,26,Monthly,1500,Walk-in,Cancelled,19-08-2025
M2525,04-07-2025,37,Quarterly,1200,Instagram,Active,
M2526,05-07-2025,34,Monthly,1500,Instagram,Cancelled,26-09-2025
M2527,18-05-2025,36,Quarterly,1200,Walk-in,Active,
M2528,31-10-2025,37,Quarterly,1200,Instagram,Cancelled,03-01-2026
M2529,25-01-2026,34,Annual,1000,Instagram,Cancelled,01-06-2026
M2530,30-10-2025,26,Annual,1000,Instagram,Active,
M2531,30-01-2025,29,Monthly,1500,Walk-in,Active,
M2532,18-12-2025,28,Monthly,1500,Instagram,Active,
M2533,31-08-2025,31,Annual,1000,Instagram,Active,
M2534,15-02-2025,33,Monthly,1500,Instagram,Active,
M2535,15-06-2025,21,Monthly,1500,Referral,Cancelled,25-10-2025
M2536,30-08-2025,37,Quarterly,1200,Google,Active,
M2537,03-01-2025,33,Monthly,1500,Instagram,Active,
M2538,26-01-2025,29,Quarterly,1200,Instagram,Active,
M2539,27-01-2026,24,Quarterly,1200,Walk-in,Active,
M2540,21-03-2025,43,Quarterly,1200,Google,Cancelled,10-03-2026
M2541,29-04-2026,28,Annual,1000,Instagram,Active,
M2542,07-06-2025,28,Annual,1000,Referral,Cancelled,04-08-2025
M2543,05-01-2026,20,Monthly,1500,Instagram,Cancelled,30-06-2026
M2544,29-06-2025,25,Quarterly,1200,Instagram,Active,
M2545,26-01-2026,27,Annual,1000,Referral,Active,
M2546,10-11-2025,24,Monthly,1500,Google,Active,
M2547,01-04-2025,23,Monthly,1500,Google,Active,
M2548,13-12-2025,36,Monthly,1500,Google,Active,
M2549,12-01-2025,30,Monthly,1500,Walk-in,Cancelled,18-07-2025
M2550,21-01-2026,25,Monthly,1500,Walk-in,Active,
M2551,11-03-2025,27,Monthly,1500,Instagram,Active,
M2552,20-02-2025,17,Monthly,1500,Walk-in,Active,
M2553,11-01-2025,27,Quarterly,1200,Referral,Active,
M2554,24-01-2026,38,Monthly,1500,Referral,Active,
M2555,27-03-2025,32,Monthly,1500,Google,Cancelled,15-11-2025
M2556,23-10-2025,29,Monthly,1500,Instagram,Active,
M2557,04-07-2025,32,Quarterly,1200,Google,Active,
M2558,26-01-2025,35,Quarterly,1200,Instagram,Active,
M2559,26-04-2025,28,Annual,1000,Walk-in,Cancelled,06-09-2025
M2560,15-03-2026,39,Quarterly,1200,Referral,Active,
M2561,11-04-2026,32,Quarterly,1200,Walk-in,Active,
M2562,16-04-2025,26,Monthly,1500,Referral,Cancelled,27-05-2025
M2563,28-01-2025,18,Annual,1000,Referral,Active,
M2564,13-04-2025,35,Quarterly,1200,Referral,Cancelled,30-05-2025
M2565,27-03-2026,24,Monthly,1500,Instagram,Cancelled,27-04-2026
M2566,08-05-2025,21,Monthly,1500,Google,Cancelled,04-08-2025
M2567,15-08-2025,34,Monthly,1500,Referral,Cancelled,20-03-2026
M2568,10-01-2026,32,Monthly,1500,Instagram,Active,
M2569,14-06-2025,38,Annual,1000,Instagram,Active,
M2570,17-06-2025,47,Quarterly,1200,Walk-in,Active,
M2571,16-01-2025,32,Annual,1000,Walk-in,Active,
M2572,03-02-2025,25,Monthly,1500,Referral,Active,
M2573,23-01-2025,29,Annual,1000,Instagram,Active,
M2574,05-02-2025,17,Monthly,1500,Referral,Active,
M2575,09-03-2025,20,Monthly,1500,Walk-in,Active,
M2576,13-04-2025,20,Quarterly,1200,Google,Active,
M2577,13-01-2026,20,Annual,1000,Google,Active,
M2578,27-02-2026,19,Quarterly,1200,Instagram,Active,
M2579,16-12-2025,25,Monthly,1500,Walk-in,Active,
M2580,07-02-2025,26,Monthly,1500,Walk-in,Active,
M2581,26-05-2025,35,Annual,1000,Instagram,Active,
M2582,10-08-2025,29,Monthly,1500,Google,Active,
M2583,04-03-2026,27,Annual,1000,Instagram,Active,
M2584,30-04-2026,22,Monthly,1500,Walk-in,Active,
M2585,15-06-2025,26,Quarterly,1200,Walk-in,Active,
M2586,11-02-2025,19,Quarterly,1200,Referral,Active,
M2587,11-01-2025,33,Quarterly,1200,Google,Active,
M2588,25-04-2025,30,Monthly,1500,Referral,Cancelled,03-08-2025
M2589,03-09-2025,23,Monthly,1500,Instagram,Active,
M2590,31-01-2026,30,Quarterly,1200,Walk-in,Active,
M2591,01-06-2025,30,Annual,1000,Referral,Active,
M2592,29-10-2025,35,Monthly,1500,Referral,Active,
M2593,22-12-2025,28,Monthly,1500,Instagram,Cancelled,30-06-2026
M2594,05-02-2025,21,Quarterly,1200,Referral,Active,
M2595,11-01-2025,26,Monthly,1500,Walk-in,Cancelled,07-03-2025
M2596,31-03-2026,41,Monthly,1500,Walk-in,Cancelled,30-06-2026
M2597,11-10-2025,28,Monthly,1500,Referral,Active,
M2598,04-10-2025,32,Quarterly,1200,Walk-in,Active,
M2599,26-07-2025,32,Monthly,1500,Walk-in,Active,
M2600,08-03-2026,28,Quarterly,1200,Instagram,Active,
M2601,17-01-2026,22,Monthly,1500,Referral,Active,
M2602,18-01-2025,31,Monthly,1500,Walk-in,Active,
M2603,09-01-2026,32,Quarterly,1200,Google,Active,
M2604,07-03-2026,37,Monthly,1500,Instagram,Cancelled,29-03-2026
M2605,27-01-2025,33,Annual,1000,Referral,Active,
M2606,08-01-2026,19,Annual,1000,Walk-in,Active,
M2607,20-03-2025,24,Quarterly,1200,Referral,Active,
M2608,07-02-2025,31,Monthly,1500,Instagram,Cancelled,06-04-2025
M2609,01-01-2025,42,Annual,1000,Walk-in,Cancelled,29-01-2025
M2610,21-01-2026,27,Quarterly,1200,Instagram,Active,
M2611,26-05-2025,40,Annual,1000,Instagram,Cancelled,06-07-2025
M2612,17-01-2025,29,Quarterly,1200,Instagram,Active,
M2613,02-03-2025,17,Annual,1000,Google,Active,
M2614,01-03-2025,30,Monthly,1500,Referral,Active,
M2615,05-01-2026,39,Monthly,1500,Google,Cancelled,30-06-2026
M2616,13-03-2026,34,Monthly,1500,Walk-in,Cancelled,30-06-2026
M2617,02-03-2026,47,Quarterly,1200,Google,Active,
M2618,16-08-2025,27,Annual,1000,Referral,Active,
M2619,01-12-2025,25,Monthly,1500,Referral,Cancelled,15-03-2026
M2620,03-12-2025,24,Quarterly,1200,Referral,Active,
M2621,24-01-2025,27,Monthly,1500,Walk-in,Cancelled,04-03-2025
M2622,09-02-2026,19,Monthly,1500,Walk-in,Active,
M2623,26-12-2025,21,Monthly,1500,Instagram,Cancelled,30-06-2026
M2624,29-06-2025,25,Quarterly,1200,Walk-in,Cancelled,22-10-2025
M2625,30-11-2025,46,Monthly,1500,Referral,Active,
M2626,02-01-2026,31,Quarterly,1200,Instagram,Active,
M2627,11-08-2025,22,Monthly,1500,Walk-in,Cancelled,27-09-2025
M2628,30-04-2026,19,Monthly,1500,Walk-in,Active,
M2629,21-01-2026,30,Quarterly,1200,Google,Active,
M2630,09-06-2025,24,Annual,1000,Walk-in,Active,
M2631,24-06-2025,26,Monthly,1500,Google,Active,
M2632,13-01-2025,27,Quarterly,1200,Google,Cancelled,25-01-2026
M2633,28-11-2025,37,Monthly,1500,Walk-in,Active,
M2634,21-01-2025,33,Annual,1000,Walk-in,Active,
M2635,06-01-2025,32,Quarterly,1200,Instagram,Active,
M2636,22-01-2025,33,Quarterly,1200,Google,Active,
M2637,20-01-2025,33,Quarterly,1200,Referral,Active,
M2638,06-07-2025,29,Annual,1000,Walk-in,Active,
M2639,17-01-2025,29,Annual,1000,Instagram,Active,
M2640,12-01-2025,30,Quarterly,1200,Instagram,Active,
M2641,16-01-2025,35,Monthly,1500,Referral,Cancelled,17-05-2025
M2642,07-10-2025,34,Annual,1000,Walk-in,Active,
M2643,13-01-2026,28,Monthly,1500,Walk-in,Active,
M2644,19-01-2025,25,Monthly,1500,Walk-in,Cancelled,11-05-2025
M2645,16-12-2025,22,Monthly,1500,Google,Cancelled,05-02-2026
M2646,25-12-2025,34,Monthly,1500,Instagram,Active,
M2647,19-09-2025,30,Monthly,1500,Instagram,Cancelled,12-10-2025
M2648,19-01-2026,20,Monthly,1500,Google,Active,
M2649,03-01-2026,17,Monthly,1500,Google,Active,
M2650,14-09-2025,31,Quarterly,1200,Referral,Cancelled,11-10-2025
M2651,21-11-2025,30,Quarterly,1200,Referral,Active,
M2652,06-01-2025,30,Monthly,1500,Google,Cancelled,04-03-2025
M2653,05-03-2025,18,Monthly,1500,Referral,Cancelled,03-06-2025
M2654,09-06-2025,25,Quarterly,1200,Instagram,Active,
M2655,21-02-2026,17,Monthly,1500,Instagram,Active,
M2656,24-01-2026,37,Quarterly,1200,Referral,Active,
M2657,30-07-2025,21,Annual,1000,Instagram,Active,
M2658,15-02-2025,29,Monthly,1500,Walk-in,Cancelled,02-05-2025
M2659,26-11-2025,35,Monthly,1500,Walk-in,Active,
M2660,25-02-2026,33,Monthly,1500,Instagram,Cancelled,06-04-2026
M2661,26-05-2025,17,Quarterly,1200,Referral,Active,
M2662,17-12-2025,24,Annual,1000,Google,Active,
M2663,19-12-2025,30,Monthly,1500,Instagram,Cancelled,04-02-2026
M2664,22-08-2025,18,Quarterly,1200,Google,Active,
M2665,22-01-2025,31,Monthly,1500,Referral,Cancelled,21-11-2025
M2666,23-01-2025,27,Quarterly,1200,Walk-in,Active,
M2667,12-02-2026,17,Annual,1000,Referral,Active,
M2668,23-01-2025,31,Monthly,1500,Instagram,Cancelled,25-03-2025
M2669,28-02-2026,17,Monthly,1500,Walk-in,Active,
M2670,14-10-2025,29,Annual,1000,Referral,Active,
M2671,08-10-2025,20,Monthly,1500,Google,Cancelled,27-12-2025
M2672,16-01-2025,34,Quarterly,1200,Referral,Active,
M2673,18-01-2026,30,Monthly,1500,Instagram,Cancelled,17-02-2026
M2674,24-03-2025,24,Monthly,1500,Referral,Active,
M2675,17-01-2026,42,Annual,1000,Referral,Active,
M2676,21-10-2025,35,Annual,1000,Walk-in,Active,
M2677,11-12-2025,32,Annual,1000,Instagram,Active,
M2678,07-02-2026,37,Annual,1000,Instagram,Cancelled,30-06-2026
M2679,09-02-2025,36,Monthly,1500,Instagram,Cancelled,06-11-2025
M2680,03-02-2025,26,Monthly,1500,Walk-in,Cancelled,08-03-2025
M2681,01-01-2026,40,Monthly,1500,Walk-in,Active,
M2682,27-12-2025,24,Quarterly,1200,Walk-in,Active,
M2683,12-01-2025,22,Monthly,1500,Google,Cancelled,17-03-2025
M2684,31-01-2025,22,Quarterly,1200,Walk-in,Cancelled,07-03-2025
M2685,08-12-2025,29,Monthly,1500,Walk-in,Cancelled,30-12-2025
M2686,24-12-2025,29,Annual,1000,Google,Active,
M2687,14-01-2026,20,Quarterly,1200,Walk-in,Cancelled,13-04-2026
M2688,09-01-2025,28,Monthly,1500,Walk-in,Cancelled,24-04-2025
M2689,29-03-2026,30,Monthly,1500,Google,Cancelled,19-06-2026
M2690,12-01-2026,28,Annual,1000,Walk-in,Cancelled,22-02-2026
M2691,24-10-2025,32,Annual,1000,Instagram,Active,
M2692,14-03-2025,35,Annual,1000,Instagram,Active,
M2693,26-10-2025,36,Annual,1000,Referral,Cancelled,02-03-2026
M2694,15-12-2025,27,Monthly,1500,Google,Cancelled,21-01-2026
M2695,16-09-2025,28,Quarterly,1200,Instagram,Active,
M2696,17-05-2025,39,Monthly,1500,Referral,Active,
M2697,05-02-2025,31,Monthly,1500,Instagram,Cancelled,01-04-2025
M2698,04-01-2026,37,Monthly,1500,Walk-in,Active,
M2699,28-04-2026,35,Quarterly,1200,Instagram,Cancelled,30-06-2026
M2700,15-05-2025,17,Monthly,1500,Instagram,Active,
M2701,30-01-2025,23,Quarterly,1200,Instagram,Active,
M2702,04-06-2025,29,Monthly,1500,Instagram,Cancelled,01-01-2026
M2703,22-07-2025,23,Monthly,1500,Instagram,Cancelled,04-12-2025
M2704,14-01-2025,26,Quarterly,1200,Instagram,Active,
M2705,17-10-2025,36,Quarterly,1200,Instagram,Active,
M2706,20-01-2025,40,Monthly,1500,Instagram,Cancelled,28-03-2025
M2707,23-01-2025,36,Quarterly,1200,Google,Cancelled,09-04-2025
M2708,28-01-2025,20,Annual,1000,Referral,Active,
M2709,21-09-2025,39,Quarterly,1200,Google,Active,
M2710,16-01-2025,43,Monthly,1500,Instagram,Cancelled,20-03-2025
M2711,09-12-2025,24,Annual,1000,Walk-in,Active,
M2712,09-05-2025,29,Quarterly,1200,Walk-in,Cancelled,03-03-2026
M2713,15-09-2025,18,Monthly,1500,Google,Active,
M2714,16-10-2025,20,Annual,1000,Instagram,Cancelled,05-01-2026
M2715,21-01-2026,30,Quarterly,1200,Google,Cancelled,03-06-2026
M2716,17-03-2025,31,Quarterly,1200,Instagram,Cancelled,13-08-2025
M2717,14-05-2025,30,Quarterly,1200,Referral,Active,
M2718,21-03-2026,21,Monthly,1500,Instagram,Cancelled,07-05-2026
M2719,13-01-2025,23,Quarterly,1200,Google,Active,
M2720,06-12-2025,27,Quarterly,1200,Google,Active,
M2721,14-01-2026,36,Monthly,1500,Walk-in,Cancelled,07-03-2026
M2722,03-03-2025,22,Monthly,1500,Google,Active,
M2723,05-02-2026,26,Quarterly,1200,Walk-in,Cancelled,18-03-2026
M2724,12-02-2026,21,Annual,1000,Walk-in,Active,
M2725,30-11-2025,23,Annual,1000,Walk-in,Active,
M2726,22-01-2025,17,Monthly,1500,Walk-in,Cancelled,17-04-2025
M2727,11-01-2025,34,Quarterly,1200,Walk-in,Cancelled,07-06-2025
M2728,05-08-2025,18,Quarterly,1200,Walk-in,Active,
M2729,25-11-2025,27,Monthly,1500,Instagram,Cancelled,23-12-2025
M2730,16-04-2025,21,Monthly,1500,Instagram,Cancelled,07-05-2025
M2731,04-06-2025,40,Monthly,1500,Walk-in,Active,
M2732,11-06-2025,30,Annual,1000,Google,Active,
M2733,02-01-2025,41,Quarterly,1200,Instagram,Cancelled,25-03-2025
M2734,25-04-2026,21,Monthly,1500,Walk-in,Active,
M2735,19-01-2025,22,Annual,1000,Google,Cancelled,13-03-2025
M2736,06-10-2025,30,Quarterly,1200,Instagram,Active,
M2737,11-11-2025,18,Annual,1000,Google,Active,
M2738,13-08-2025,21,Monthly,1500,Referral,Cancelled,01-11-2025
M2739,16-09-2025,25,Monthly,1500,Walk-in,Cancelled,29-12-2025
M2740,26-07-2025,32,Annual,1000,Referral,Active,
M2741,18-01-2026,20,Monthly,1500,Referral,Active,
M2742,07-01-2026,23,Monthly,1500,Google,Active,
M2743,24-05-2025,32,Quarterly,1200,Instagram,Cancelled,30-06-2026
M2744,18-03-2025,23,Monthly,1500,Referral,Cancelled,26-04-2025
M2745,19-03-2026,21,Quarterly,1200,Walk-in,Active,
M2746,19-04-2025,19,Quarterly,1200,Walk-in,Cancelled,30-06-2025
M2747,23-09-2025,34,Monthly,1500,Walk-in,Active,
M2748,25-11-2025,33,Annual,1000,Google,Active,
M2749,19-08-2025,42,Monthly,1500,Walk-in,Cancelled,12-12-2025
M2750,09-10-2025,46,Annual,1000,Instagram,Active,
M2751,10-02-2025,36,Monthly,1500,Instagram,Cancelled,07-06-2025
M2752,24-03-2026,28,Annual,1000,Referral,Active,
M2753,16-01-2025,29,Annual,1000,Instagram,Active,
M2754,02-04-2026,32,Annual,1000,Instagram,Active,
M2755,14-11-2025,34,Monthly,1500,Walk-in,Cancelled,18-02-2026
M2756,27-09-2025,29,Monthly,1500,Instagram,Active,
M2757,13-12-2025,18,Monthly,1500,Walk-in,Active,
M2758,22-11-2025,20,Quarterly,1200,Google,Active,
M2759,23-04-2026,32,Monthly,1500,Walk-in,Active,
M2760,26-01-2026,24,Quarterly,1200,Referral,Active,
M2761,01-03-2026,27,Monthly,1500,Walk-in,Cancelled,06-05-2026
M2762,26-08-2025,37,Annual,1000,Instagram,Active,
M2763,02-05-2025,30,Annual,1000,Walk-in,Active,
M2764,04-02-2026,24,Monthly,1500,Referral,Cancelled,21-03-2026
M2765,13-01-2026,20,Annual,1000,Instagram,Cancelled,29-06-2026
M2766,03-01-2025,33,Quarterly,1200,Referral,Active,
M2767,30-10-2025,43,Annual,1000,Walk-in,Active,
M2768,22-01-2026,33,Monthly,1500,Instagram,Cancelled,30-06-2026
M2769,22-01-2026,30,Annual,1000,Instagram,Active,
M2770,22-10-2025,30,Quarterly,1200,Walk-in,Cancelled,17-11-2025
M2771,16-11-2025,29,Quarterly,1200,Walk-in,Active,
M2772,18-04-2025,28,Annual,1000,Walk-in,Active,
M2773,01-03-2025,27,Monthly,1500,Referral,Active,
M2774,18-01-2026,29,Annual,1000,Walk-in,Cancelled,09-02-2026
M2775,15-01-2026,32,Annual,1000,Instagram,Active,
M2776,06-02-2026,17,Annual,1000,Google,Active,
M2777,26-01-2025,28,Monthly,1500,Referral,Active,
M2778,07-07-2025,37,Monthly,1500,Google,Cancelled,24-10-2025
M2779,10-12-2025,39,Annual,1000,Walk-in,Active,
M2780,27-08-2025,26,Quarterly,1200,Instagram,Cancelled,27-09-2025
M2781,04-01-2026,17,Quarterly,1200,Walk-in,Active,
M2782,31-03-2025,22,Quarterly,1200,Instagram,Active,
M2783,05-05-2025,26,Quarterly,1200,Instagram,Active,
M2784,05-01-2025,17,Monthly,1500,Instagram,Cancelled,21-06-2025
M2785,08-08-2025,21,Annual,1000,Instagram,Active,
M2786,20-01-2025,17,Quarterly,1200,Walk-in,Active,
M2787,03-01-2025,27,Quarterly,1200,Google,Active,
M2788,16-04-2025,36,Annual,1000,Instagram,Active,
M2789,02-03-2026,19,Annual,1000,Walk-in,Cancelled,23-04-2026
M2790,24-02-2025,33,Monthly,1500,Walk-in,Active,
M2791,28-02-2025,37,Quarterly,1200,Walk-in,Cancelled,08-11-2025
M2792,07-01-2026,27,Quarterly,1200,Referral,Active,
M2793,23-06-2025,35,Monthly,1500,Google,Cancelled,29-10-2025
M2794,04-01-2026,35,Monthly,1500,Referral,Active,
M2795,30-03-2025,30,Monthly,1500,Referral,Cancelled,15-08-2025
M2796,02-01-2026,33,Annual,1000,Google,Cancelled,30-06-2026
M2797,12-01-2025,28,Monthly,1500,Instagram,Active,
M2798,27-12-2025,45,Monthly,1500,Instagram,Active,
M2799,11-10-2025,41,Monthly,1500,Walk-in,Cancelled,30-06-2026
M2800,02-08-2025,35,Quarterly,1200,Walk-in,Active,
M2801,14-07-2025,26,Annual,1000,Instagram,Active,
M2802,22-03-2026,35,Annual,1000,Walk-in,Active,
M2803,07-07-2025,36,Annual,1000,Walk-in,Active,
M2804,04-10-2025,34,Monthly,1500,Walk-in,Active,
M2805,05-06-2025,28,Monthly,1500,Instagram,Active,
M2806,10-08-2025,32,Annual,1000,Referral,Active,
M2807,14-11-2025,32,Quarterly,1200,Google,Cancelled,18-12-2025
M2808,31-01-2025,31,Monthly,1500,Walk-in,Cancelled,06-05-2025
M2809,08-03-2025,30,Quarterly,1200,Google,Active,
M2810,02-03-2026,32,Monthly,1500,Instagram,Cancelled,30-06-2026
M2811,05-02-2026,17,Quarterly,1200,Instagram,Active,
M2812,13-01-2026,17,Monthly,1500,Google,Cancelled,30-06-2026
M2813,15-02-2026,42,Monthly,1500,Google,Cancelled,29-04-2026
M2814,15-01-2026,30,Annual,1000,Instagram,Active,
M2815,15-01-2026,24,Monthly,1500,Instagram,Cancelled,30-06-2026
M2816,17-03-2026,25,Monthly,1500,Walk-in,Cancelled,05-05-2026
M2817,11-03-2025,21,Annual,1000,Walk-in,Active,
M2818,05-04-2026,31,Quarterly,1200,Walk-in,Active,
M2819,17-01-2026,24,Quarterly,1200,Referral,Cancelled,05-04-2026
M2820,15-01-2025,24,Quarterly,1200,Walk-in,Active,
M2821,15-11-2025,19,Annual,1000,Walk-in,Active,
M2822,13-02-2025,27,Monthly,1500,Referral,Active,
M2823,03-01-2026,20,Monthly,1500,Instagram,Cancelled,01-03-2026
M2824,15-12-2025,24,Monthly,1500,Walk-in,Active,
M2825,25-06-2025,21,Monthly,1500,Instagram,Cancelled,17-07-2025
M2826,27-01-2025,20,Monthly,1500,Walk-in,Active,
M2827,29-01-2025,44,Quarterly,1200,Instagram,Active,
M2828,05-07-2025,18,Monthly,1500,Instagram,Cancelled,09-11-2025
M2829,10-01-2026,17,Quarterly,1200,Referral,Active,
M2830,10-01-2025,35,Annual,1000,Referral,Active,
M2831,11-01-2025,30,Annual,1000,Referral,Active,
M2832,21-01-2025,33,Monthly,1500,Instagram,Cancelled,22-09-2025
M2833,28-08-2025,27,Annual,1000,Instagram,Active,
M2834,10-01-2026,22,Monthly,1500,Referral,Cancelled,08-03-2026
M2835,03-01-2026,35,Monthly,1500,Instagram,Active,
M2836,08-05-2025,38,Quarterly,1200,Google,Active,
M2837,10-06-2025,31,Monthly,1500,Walk-in,Active,
M2838,09-01-2025,25,Quarterly,1200,Instagram,Cancelled,23-03-2025
M2839,26-11-2025,44,Monthly,1500,Instagram,Active,
M2840,17-03-2025,28,Quarterly,1200,Walk-in,Active,
M2841,04-01-2026,31,Quarterly,1200,Instagram,Active,
M2842,23-03-2026,22,Monthly,1500,Referral,Cancelled,02-05-2026
M2843,01-01-2025,25,Annual,1000,Instagram,Active,
M2844,14-05-2025,31,Quarterly,1200,Walk-in,Active,
M2845,27-01-2025,48,Monthly,1500,Walk-in,Cancelled,30-09-2025
M2846,22-08-2025,24,Monthly,1500,Referral,Active,
M2847,03-01-2026,25,Monthly,1500,Instagram,Cancelled,30-06-2026
M2848,11-02-2025,28,Annual,1000,Instagram,Active,
M2849,11-04-2026,29,Monthly,1500,Instagram,Cancelled,08-06-2026
M2850,12-08-2025,23,Monthly,1500,Instagram,Active,
M2851,17-09-2025,43,Quarterly,1200,Referral,Active,
M2852,27-03-2025,40,Monthly,1500,Google,Active,
M2853,25-01-2025,32,Monthly,1500,Walk-in,Active,
M2854,25-01-2025,27,Monthly,1500,Instagram,Cancelled,05-04-2025
M2855,23-01-2026,31,Annual,1000,Instagram,Active,
M2856,05-08-2025,30,Monthly,1500,Google,Cancelled,04-10-2025
M2857,29-04-2026,42,Quarterly,1200,Walk-in,Cancelled,30-03-2026
M2858,12-01-2026,17,Quarterly,1200,Walk-in,Active,
M2859,22-08-2025,38,Annual,1000,Walk-in,Active,
M2860,30-06-2025,20,Monthly,1500,Instagram,Cancelled,18-08-2025
M2861,16-01-2025,26,Monthly,1500,Instagram,Cancelled,07-11-2025
M2862,25-01-2025,37,Monthly,1500,Referral,Active,
M2863,28-04-2025,35,Annual,1000,Referral,Active,
M2864,29-01-2025,28,Quarterly,1200,Walk-in,Cancelled,22-02-2025
M2865,23-01-2026,23,Monthly,1500,Instagram,Cancelled,12-02-2026
M2866,18-02-2026,35,Quarterly,1200,Instagram,Active,
M2867,17-04-2025,30,Monthly,1500,Referral,Active,
M2868,09-11-2025,31,Quarterly,1200,Instagram,Cancelled,26-01-2026
M2869,31-03-2026,35,Monthly,1500,Google,Active,
M2870,01-10-2025,24,Quarterly,1200,Instagram,Active,
M2871,21-11-2025,35,Monthly,1500,Referral,Active,
M2872,16-01-2026,43,Annual,1000,Referral,Active,
M2873,06-02-2025,31,Quarterly,1200,Referral,Active,
M2874,17-08-2025,23,Annual,1000,Walk-in,Active,
M2875,05-04-2025,29,Annual,1000,Walk-in,Active,
M2876,17-12-2025,31,Monthly,1500,Referral,Cancelled,13-01-2026
M2877,27-01-2026,24,Monthly,1500,Referral,Cancelled,31-03-2026
M2878,15-06-2025,31,Annual,1000,Walk-in,Active,
M2879,11-10-2025,28,Annual,1000,Walk-in,Active,
M2880,01-11-2025,36,Monthly,1500,Walk-in,Cancelled,23-02-2026
M2881,12-01-2025,31,Monthly,1500,Instagram,Cancelled,12-04-2025
M2882,31-12-2025,37,Quarterly,1200,Walk-in,Active,
M2883,15-01-2026,38,Monthly,1500,Referral,Cancelled,30-06-2026
M2884,28-09-2025,24,Annual,1000,Walk-in,Active,
M2885,13-02-2026,35,Monthly,1500,Referral,Cancelled,30-06-2026
M2886,06-01-2025,30,Monthly,1500,Referral,Active,
M2887,31-10-2025,38,Monthly,1500,Referral,Cancelled,05-12-2025
M2888,04-03-2026,29,Monthly,1500,Walk-in,Active,
M2889,08-01-2026,23,Monthly,1500,Instagram,Cancelled,08-04-2026
M2890,27-07-2025,37,Monthly,1500,Google,Active,
M2891,09-01-2025,27,Annual,1000,Instagram,Cancelled,02-02-2025
M2892,17-06-2025,32,Monthly,1500,Walk-in,Cancelled,10-07-2025
M2893,15-01-2025,22,Annual,1000,Google,Active,
M2894,10-07-2025,29,Monthly,1500,Walk-in,Cancelled,12-10-2025
M2895,08-12-2025,28,Quarterly,1200,Instagram,Active,
M2896,26-01-2025,21,Annual,1000,Walk-in,Active,
M2897,25-11-2025,41,Monthly,1500,Walk-in,Active,
M2898,23-09-2025,38,Monthly,1500,Referral,Cancelled,20-02-2026
M2899,05-05-2025,22,Monthly,1500,Walk-in,Cancelled,25-05-2025
M2900,27-01-2025,26,Quarterly,1200,Walk-in,Active,
M2901,21-03-2026,30,Quarterly,1200,Walk-in,Active,
M2902,21-09-2025,30,Annual,1000,Instagram,Active,
M2903,02-11-2025,21,Quarterly,1200,Google,Cancelled,30-06-2026
M2904,21-07-2025,34,Quarterly,1200,Instagram,Active,
M2905,07-01-2026,29,Monthly,1500,Walk-in,Active,
M2906,21-01-2026,31,Monthly,1500,Instagram,Cancelled,09-03-2026
M2907,10-09-2025,32,Quarterly,1200,Referral,Active,
M2908,10-11-2025,23,Monthly,1500,Referral,Active,
M2909,13-01-2026,27,Monthly,1500,Referral,Active,
M2910,14-05-2025,28,Monthly,1500,Walk-in,Active,
M2911,08-08-2025,25,Monthly,1500,Instagram,Cancelled,17-09-2025
M2912,25-02-2026,33,Monthly,1500,Instagram,Active,
M2913,08-06-2025,38,Annual,1000,Walk-in,Active,
M2914,02-03-2025,23,Quarterly,1200,Google,Cancelled,01-11-2025
M2915,03-04-2025,23,Annual,1000,Google,Active,
M2916,25-09-2025,17,Monthly,1500,Walk-in,Cancelled,12-02-2026
M2917,23-02-2025,41,Monthly,1500,Walk-in,Cancelled,03-07-2025
M2918,06-06-2025,19,Quarterly,1200,Instagram,Cancelled,23-08-2025
M2919,17-01-2025,25,Monthly,1500,Instagram,Cancelled,17-06-2025
M2920,04-06-2025,35,Monthly,1500,Referral,Cancelled,25-06-2025
M2921,23-03-2025,21,Quarterly,1200,Walk-in,Active,
M2922,07-12-2025,30,Monthly,1500,Instagram,Active,
M2923,09-10-2025,29,Quarterly,1200,Google,Active,
M2924,29-11-2025,23,Monthly,1500,Walk-in,Cancelled,09-05-2026
M2925,05-05-2025,24,Quarterly,1200,Instagram,Active,
M2926,08-01-2025,24,Annual,1000,Instagram,Cancelled,27-02-2025
M2927,08-02-2025,33,Quarterly,1200,Google,Cancelled,07-03-2025
M2928,04-03-2026,22,Quarterly,1200,Google,Active,
M2929,07-01-2025,41,Quarterly,1200,Instagram,Cancelled,19-02-2025
M2930,25-11-2025,31,Annual,1000,Walk-in,Active,
M2931,11-01-2025,24,Annual,1000,Walk-in,Active,
M2932,25-02-2026,28,Monthly,1500,Walk-in,Cancelled,28-05-2026
M2933,26-01-2026,27,Monthly,1500,Instagram,Active,
M2934,29-12-2025,27,Quarterly,1200,Google,Cancelled,21-05-2026
M2935,03-03-2025,32,Annual,1000,Walk-in,Active,
M2936,01-09-2025,17,Quarterly,1200,Walk-in,Active,
M2937,29-08-2025,28,Quarterly,1200,Google,Active,
M2938,07-09-2025,35,Monthly,1500,Google,Cancelled,18-10-2025
M2939,15-01-2026,34,Monthly,1500,Referral,Active,
M2940,04-01-2026,37,Monthly,1500,Walk-in,Cancelled,23-02-2026
M2941,08-03-2025,30,Monthly,1500,Instagram,Cancelled,24-06-2025
M2942,20-03-2026,28,Annual,1000,Instagram,Active,
M2943,18-11-2025,29,Quarterly,1200,Walk-in,Cancelled,26-12-2025
M2944,28-10-2025,27,Monthly,1500,Google,Active,
M2945,03-02-2026,30,Annual,1000,Instagram,Active,
M2946,06-09-2025,21,Annual,1000,Walk-in,Active,
M2947,19-07-2025,24,Monthly,1500,Walk-in,Active,
M2948,11-10-2025,29,Quarterly,1200,Google,Cancelled,14-12-2025
M2949,04-08-2025,37,Monthly,1500,Instagram,Active,
M2950,24-04-2025,17,Annual,1000,Instagram,Active,
M2951,09-01-2025,25,Monthly,1500,Instagram,Cancelled,29-03-2025
M2952,08-01-2026,31,Quarterly,1200,Walk-in,Active,
M2953,13-10-2025,32,Quarterly,1200,Referral,Active,
M2954,19-11-2025,21,Monthly,1500,Google,Active,
M2955,28-08-2025,24,Monthly,1500,Google,Active,
M2956,27-04-2026,17,Monthly,1500,Walk-in,Cancelled,30-06-2026
M2957,19-01-2026,17,Annual,1000,Walk-in,Active,
M2958,30-05-2025,22,Quarterly,1200,Google,Active,
M2959,21-03-2026,25,Monthly,1500,Instagram,Cancelled,30-06-2026
M2960,28-10-2025,28,Quarterly,1200,Walk-in,Active,
M2961,28-01-2026,23,Quarterly,1200,Walk-in,Active,
M2962,18-01-2026,17,Quarterly,1200,Walk-in,Active,
M2963,18-03-2026,29,Quarterly,1200,Walk-in,Active,
M2964,11-01-2026,18,Monthly,1500,Instagram,Cancelled,30-06-2026
M2965,08-07-2025,27,Monthly,1500,Walk-in,Active,
M2966,09-01-2026,17,Annual,1000,Instagram,Active,
M2967,06-05-2025,33,Monthly,1500,Walk-in,Cancelled,13-08-2025
M2968,16-01-2026,17,Annual,1000,Instagram,Active,
M2969,11-10-2025,31,Quarterly,1200,Google,Cancelled,31-10-2025
M2970,29-01-2026,26,Annual,1000,Google,Cancelled,30-12-2025
M2971,19-01-2025,32,Quarterly,1200,Referral,Active,
M2972,12-01-2026,31,Quarterly,1200,Walk-in,Active,
M2973,10-02-2026,45,Monthly,1500,Google,Active,
M2974,24-06-2025,30,Monthly,1500,Referral,Active,
M2975,22-11-2025,38,Monthly,1500,Referral,Active,
M2976,28-03-2026,19,Monthly,1500,Walk-in,Active,
M2977,26-01-2025,25,Monthly,1500,Referral,Cancelled,19-03-2025
M2978,20-05-2025,36,Monthly,1500,Walk-in,Active,
M2979,16-09-2025,28,Annual,1000,Google,Active,
M2980,08-04-2025,18,Monthly,1500,Walk-in,Active,
M2981,19-03-2026,20,Monthly,1500,Instagram,Active,
M2982,14-07-2025,40,Monthly,1500,Walk-in,Active,
M2983,28-01-2025,25,Monthly,1500,Walk-in,Cancelled,29-03-2025
M2984,03-09-2025,22,Monthly,1500,Walk-in,Cancelled,30-06-2026
M2985,11-01-2026,17,Quarterly,1200,Walk-in,Active,
M2986,11-10-2025,17,Annual,1000,Instagram,Cancelled,18-11-2025
M2987,18-02-2026,38,Monthly,1500,Walk-in,Cancelled,30-06-2026
M2988,24-01-2025,23,Quarterly,1200,Walk-in,Active,
M2989,04-01-2025,19,Monthly,1500,Instagram,Active,
M2990,19-01-2026,34,Annual,1000,Instagram,Cancelled,28-03-2026
M2991,06-11-2025,27,Monthly,1500,Google,Cancelled,04-01-2026
M2992,15-03-2026,35,Annual,1000,Google,Active,
M2993,05-03-2025,33,Quarterly,1200,Google,Active,
M2994,31-05-2025,36,Monthly,1500,Referral,Active,
M2995,19-01-2025,25,Annual,1000,Instagram,Active,
M2996,22-02-2025,31,Monthly,1500,Instagram,Cancelled,17-04-2025
M2997,30-05-2025,29,Monthly,1500,Walk-in,Cancelled,07-09-2025
M2998,01-01-2026,38,Quarterly,1200,Walk-in,Active,
M2999,09-10-2025,31,Annual,1000,Google,Active,
M3000,26-02-2026,28,Annual,1000,Walk-in,Cancelled,03-04-2026
M3001,17-11-2025,29,Monthly,1500,Referral,Active,
M3002,25-01-2026,28,Quarterly,1200,Instagram,Active,
M3003,30-03-2025,30,Annual,1000,Google,Active,
M3004,07-04-2025,30,Annual,1000,Instagram,Active,
M3005,18-01-2026,18,Monthly,1500,Walk-in,Active,
M3006,29-11-2025,35,Quarterly,1200,Referral,Cancelled,19-01-2026
M3007,13-08-2025,34,Monthly,1500,Instagram,Active,
M3008,04-01-2025,28,Quarterly,1200,Instagram,Active,
M3009,21-09-2025,24,Monthly,1500,Referral,Active,
M3010,31-07-2025,31,Quarterly,1200,Referral,Active,
M3011,14-03-2025,17,Quarterly,1200,Instagram,Active,
M3012,09-09-2025,31,Monthly,1500,Google,Active,
M3013,05-01-2025,24,Monthly,1500,Referral,Cancelled,29-01-2025
M3014,25-01-2025,24,Quarterly,1200,Walk-in,Cancelled,01-10-2025
M3015,06-04-2025,33,Quarterly,1200,Instagram,Cancelled,30-06-2025
M3016,09-01-2025,38,Annual,1000,Instagram,Active,
M3017,03-01-2025,28,Quarterly,1200,Walk-in,Active,
M3018,05-03-2025,31,Monthly,1500,Instagram,Active,
M3019,23-03-2025,23,Monthly,1500,Walk-in,Cancelled,06-06-2025
M3020,18-03-2025,24,Monthly,1500,Instagram,Cancelled,27-04-2025
M3021,17-08-2025,27,Annual,1000,Referral,Active,
M3022,17-01-2025,38,Monthly,1500,Instagram,Active,
M3023,21-07-2025,22,Quarterly,1200,Walk-in,Active,
M3024,05-05-2025,41,Monthly,1500,Instagram,Cancelled,05-02-2026
M3025,31-10-2025,26,Monthly,1500,Referral,Cancelled,31-01-2026
M3026,08-01-2025,40,Monthly,1500,Walk-in,Cancelled,24-04-2025
M3027,29-01-2026,37,Annual,1000,Referral,Cancelled,22-04-2026
M3028,03-03-2025,25,Monthly,1500,Instagram,Cancelled,25-07-2025
M3029,04-01-2026,40,Quarterly,1200,Instagram,Active,
M3030,23-01-2026,28,Monthly,1500,Referral,Active,
M3031,26-07-2025,26,Monthly,1500,Walk-in,Cancelled,18-12-2025
M3032,12-01-2025,35,Annual,1000,Instagram,Active,
M3033,20-01-2025,31,Monthly,1500,Instagram,Cancelled,19-05-2025
M3034,03-03-2025,34,Quarterly,1200,Instagram,Active,
M3035,21-02-2025,32,Annual,1000,Google,Active,
M3036,16-04-2025,17,Monthly,1500,Walk-in,Cancelled,04-07-2025
M3037,21-08-2025,47,Annual,1000,Walk-in,Active,
M3038,25-04-2025,33,Quarterly,1200,Instagram,Active,
M3039,14-01-2025,29,Annual,1000,Walk-in,Active,
M3040,11-01-2026,21,Quarterly,1200,Walk-in,Cancelled,17-02-2026
M3041,07-01-2025,25,Annual,1000,Instagram,Cancelled,06-05-2025
M3042,13-01-2026,26,Monthly,1500,Walk-in,Active,
M3043,18-10-2025,34,Monthly,1500,Referral,Cancelled,13-01-2026
M3044,17-01-2026,19,Quarterly,1200,Walk-in,Cancelled,25-02-2026
M3045,11-08-2025,27,Quarterly,1200,Walk-in,Active,
M3046,21-05-2025,40,Quarterly,1200,Google,Cancelled,29-09-2025
M3047,26-03-2026,24,Monthly,1500,Walk-in,Cancelled,20-05-2026
M3048,23-08-2025,23,Monthly,1500,Instagram,Cancelled,28-10-2025
M3049,12-09-2025,24,Quarterly,1200,Instagram,Cancelled,21-10-2025
M3050,05-01-2026,32,Monthly,1500,Instagram,Cancelled,30-06-2026
M3051,12-01-2026,20,Annual,1000,Instagram,Cancelled,14-04-2026
M3052,19-11-2025,35,Monthly,1500,Walk-in,Active,
M3053,15-01-2026,30,Monthly,1500,Instagram,Cancelled,27-06-2026
M3054,05-09-2025,24,Monthly,1500,Walk-in,Active,
M3055,10-10-2025,17,Monthly,1500,Instagram,Cancelled,30-11-2025
M3056,09-07-2025,35,Monthly,1500,Instagram,Cancelled,15-08-2025
M3057,10-12-2025,38,Monthly,1500,Instagram,Active,
M3058,07-08-2025,37,Quarterly,1200,Google,Active,
M3059,13-01-2025,27,Quarterly,1200,Instagram,Active,
M3060,23-07-2025,32,Monthly,1500,Walk-in,Cancelled,25-08-2025
M3061,15-08-2025,26,Monthly,1500,Referral,Cancelled,10-09-2025
M3062,21-01-2025,17,Monthly,1500,Instagram,Cancelled,10-02-2025
M3063,01-01-2025,38,Monthly,1500,Walk-in,Cancelled,05-02-2025
M3064,11-01-2025,26,Quarterly,1200,Walk-in,Cancelled,03-02-2025
M3065,15-04-2025,25,Quarterly,1200,Walk-in,Active,
M3066,05-02-2026,26,Monthly,1500,Referral,Active,
M3067,15-01-2025,37,Monthly,1500,Instagram,Active,
M3068,25-01-2025,38,Quarterly,1200,Instagram,Cancelled,06-06-2025
M3069,25-12-2025,20,Quarterly,1200,Walk-in,Active,
M3070,26-01-2025,24,Quarterly,1200,Walk-in,Active,
M3071,09-01-2025,25,Monthly,1500,Walk-in,Active,
M3072,16-11-2025,17,Quarterly,1200,Referral,Active,
M3073,28-01-2025,30,Annual,1000,Instagram,Active,
M3074,05-08-2025,32,Quarterly,1200,Walk-in,Active,
M3075,17-12-2025,26,Monthly,1500,Instagram,Active,
M3076,21-01-2025,30,Monthly,1500,Walk-in,Cancelled,12-11-2025
M3077,28-11-2025,21,Monthly,1500,Walk-in,Active,
M3078,28-01-2026,27,Monthly,1500,Walk-in,Cancelled,30-06-2026
M3079,04-11-2025,32,Quarterly,1200,Walk-in,Active,
M3080,10-03-2025,25,Quarterly,1200,Google,Active,
M3081,06-10-2025,23,Quarterly,1200,Instagram,Active,
M3082,09-11-2025,23,Quarterly,1200,Referral,Active,
M3083,22-01-2025,22,Annual,1000,Google,Active,
M3084,03-01-2026,20,Quarterly,1200,Google,Cancelled,29-04-2026
M3085,03-10-2025,31,Monthly,1500,Instagram,Cancelled,29-10-2025
M3086,11-04-2025,34,Annual,1000,Walk-in,Active,
M3087,23-11-2025,32,Quarterly,1200,Google,Active,
M3088,11-02-2026,25,Quarterly,1200,Google,Cancelled,17-04-2026
M3089,01-08-2025,20,Quarterly,1200,Referral,Active,
M3090,13-09-2025,32,Quarterly,1200,Google,Active,
M3091,17-01-2026,25,Annual,1000,Referral,Cancelled,23-06-2026
M3092,18-02-2025,30,Monthly,1500,Walk-in,Cancelled,25-07-2025
M3093,03-06-2025,28,Monthly,1500,Walk-in,Cancelled,23-06-2025
M3094,02-06-2025,32,Monthly,1500,Walk-in,Active,
M3095,18-01-2026,26,Annual,1000,Walk-in,Active,
M3096,10-02-2025,35,Monthly,1500,Instagram,Cancelled,23-03-2025
M3097,27-12-2025,29,Monthly,1500,Referral,Active,
M3098,23-08-2025,35,Monthly,1500,Google,Cancelled,30-06-2026
M3099,14-02-2026,21,Quarterly,1200,Instagram,Cancelled,15-01-2026
M3100,04-02-2025,17,Annual,1000,Referral,Active,
M3101,02-11-2025,41,Monthly,1500,Walk-in,Active,
M3102,25-08-2025,21,Monthly,1500,Instagram,Cancelled,06-12-2025
M3103,22-01-2026,33,Monthly,1500,Instagram,Active,
M3104,05-03-2026,19,Annual,1000,Instagram,Active,
M3105,25-07-2025,21,Monthly,1500,Instagram,Cancelled,31-08-2025
M3106,28-02-2025,23,Monthly,1500,Walk-in,Cancelled,28-08-2025
M3107,16-01-2026,34,Monthly,1500,Instagram,Cancelled,30-06-2026
M3108,14-06-2025,25,Monthly,1500,Walk-in,Active,
M3109,21-02-2026,25,Monthly,1500,Instagram,Cancelled,19-03-2026
M3110,01-01-2025,35,Monthly,1500,Instagram,Cancelled,25-02-2025
M3111,19-06-2025,33,Annual,1000,Google,Active,
M3112,06-09-2025,25,Monthly,1500,Instagram,Cancelled,02-03-2026
M3113,02-05-2025,39,Monthly,1500,Instagram,Cancelled,25-05-2025
M3114,15-02-2025,19,Monthly,1500,Walk-in,Cancelled,18-10-2025
M3115,20-03-2025,26,Annual,1000,Instagram,Active,
M3116,12-08-2025,29,Monthly,1500,Instagram,Cancelled,08-09-2025
M3117,14-01-2025,22,Monthly,1500,Instagram,Cancelled,10-12-2025
M3118,15-10-2025,32,Quarterly,1200,Instagram,Active,
M3119,26-03-2026,32,Monthly,1500,Walk-in,Cancelled,30-06-2026
M3120,17-08-2025,28,Annual,1000,Walk-in,Active,
M3121,04-01-2026,31,Quarterly,1200,Walk-in,Active,
M3122,21-03-2026,28,Quarterly,1200,Referral,Active,
M3123,01-01-2025,17,Monthly,1500,Instagram,Cancelled,25-04-2025
M3124,17-03-2025,26,Annual,1000,Walk-in,Active,
M3125,20-03-2025,31,Quarterly,1200,Instagram,Cancelled,11-05-2025
M3126,11-08-2025,34,Monthly,1500,Walk-in,Active,
M3127,21-01-2025,29,Quarterly,1200,Walk-in,Active,
M3128,25-01-2025,27,Quarterly,1200,Referral,Cancelled,12-04-2025
M3129,10-07-2025,19,Annual,1000,Referral,Active,
M3130,21-03-2025,25,Quarterly,1200,Instagram,Cancelled,02-05-2025
M3131,21-01-2026,25,Monthly,1500,Instagram,Active,
M3132,24-01-2026,27,Quarterly,1200,Referral,Active,
M3133,20-06-2025,24,Monthly,1500,Referral,Cancelled,26-08-2025
M3134,10-09-2025,30,Monthly,1500,Instagram,Active,
M3135,15-04-2026,36,Monthly,1500,Instagram,Cancelled,30-06-2026
M3136,24-11-2025,27,Quarterly,1200,Referral,Active,
M3137,22-01-2026,24,Monthly,1500,Walk-in,Active,
M3138,16-09-2025,32,Quarterly,1200,Google,Active,
M3139,09-01-2025,17,Monthly,1500,Instagram,Cancelled,08-02-2025
M3140,09-04-2025,27,Monthly,1500,Instagram,Cancelled,03-06-2025
M3141,28-06-2025,32,Monthly,1500,Instagram,Cancelled,07-10-2025
M3142,22-06-2025,32,Monthly,1500,Walk-in,Cancelled,31-12-2025
M3143,25-10-2025,17,Monthly,1500,Referral,Cancelled,24-11-2025
M3144,29-01-2025,35,Monthly,1500,Google,Cancelled,17-07-2025
M3145,23-07-2025,28,Annual,1000,Instagram,Active,
M3146,02-01-2026,33,Annual,1000,Google,Active,
M3147,23-04-2026,40,Quarterly,1200,Instagram,Active,
M3148,18-03-2026,35,Annual,1000,Google,Active,
M3149,08-02-2026,34,Annual,1000,Walk-in,Active,
M3150,01-12-2025,32,Annual,1000,Walk-in,Active,
M3151,12-01-2026,21,Annual,1000,Walk-in,Active,
M3152,15-06-2025,27,Monthly,1500,Instagram,Cancelled,22-08-2025
M3153,11-02-2026,23,Monthly,1500,Referral,Active,
M3154,18-01-2026,26,Monthly,1500,Google,Active,
M3155,24-09-2025,33,Monthly,1500,Instagram,Active,
M3156,11-03-2026,24,Quarterly,1200,Walk-in,Active,
M3157,10-11-2025,35,Quarterly,1200,Google,Active,
M3158,03-01-2026,24,Annual,1000,Walk-in,Active,
M3159,15-01-2025,38,Annual,1000,Walk-in,Cancelled,11-05-2025
M3160,10-04-2026,36,Annual,1000,Instagram,Active,
M3161,10-08-2025,30,Quarterly,1200,Instagram,Active,
M3162,05-04-2025,27,Monthly,1500,Referral,Active,
M3163,06-02-2025,36,Monthly,1500,Google,Cancelled,05-08-2025
M3164,15-12-2025,35,Quarterly,1200,Instagram,Active,
M3165,27-03-2025,23,Annual,1000,Walk-in,Active,
M3166,30-03-2025,41,Quarterly,1200,Walk-in,Cancelled,25-04-2025
M3167,19-01-2026,24,Monthly,1500,Referral,Cancelled,30-06-2026
M3168,12-10-2025,34,Monthly,1500,Instagram,Cancelled,13-12-2025
M3169,27-02-2025,17,Quarterly,1200,Instagram,Cancelled,17-07-2025
M3170,13-11-2025,25,Quarterly,1200,Referral,Cancelled,29-12-2025
M3171,12-01-2026,24,Quarterly,1200,Referral,Cancelled,23-04-2026
M3172,06-03-2026,35,Quarterly,1200,Referral,Active,
M3173,15-08-2025,17,Monthly,1500,Referral,Active,
M3174,05-01-2025,31,Monthly,1500,Referral,Active,
M3175,22-04-2026,39,Monthly,1500,Instagram,Cancelled,30-06-2026
M3176,20-06-2025,26,Monthly,1500,Referral,Cancelled,07-10-2025
M3177,02-01-2025,23,Quarterly,1200,Referral,Cancelled,01-02-2025
M3178,27-01-2026,26,Annual,1000,Instagram,Cancelled,30-06-2026
M3179,22-05-2025,29,Quarterly,1200,Instagram,Cancelled,14-08-2025
M3180,04-01-2025,19,Quarterly,1200,Instagram,Active,
M3181,22-11-2025,23,Annual,1000,Referral,Active,
M3182,23-11-2025,29,Annual,1000,Walk-in,Active,
M3183,06-02-2026,36,Monthly,1500,Referral,Cancelled,01-04-2026
M3184,19-03-2025,33,Monthly,1500,Referral,Cancelled,23-05-2025
M3185,26-08-2025,17,Monthly,1500,Walk-in,Cancelled,26-05-2026
M3186,22-04-2025,18,Monthly,1500,Instagram,Active,
M3187,28-11-2025,27,Quarterly,1200,Instagram,Cancelled,28-12-2025
M3188,08-01-2025,28,Monthly,1500,Instagram,Cancelled,17-02-2025
M3189,04-03-2026,28,Monthly,1500,Walk-in,Active,
M3190,22-01-2026,31,Quarterly,1200,Google,Active,
M3191,07-01-2025,36,Quarterly,1200,Instagram,Active,
M3192,28-01-2026,23,Monthly,1500,Walk-in,Cancelled,24-03-2026
M3193,31-01-2025,26,Monthly,1500,Instagram,Cancelled,13-03-2025
M3194,07-08-2025,24,Quarterly,1200,Referral,Active,
M3195,20-10-2025,22,Monthly,1500,Instagram,Active,
M3196,12-10-2025,21,Annual,1000,Google,Active,
M3197,01-04-2025,28,Monthly,1500,Walk-in,Active,
M3198,28-01-2025,20,Monthly,1500,Instagram,Cancelled,10-06-2025
M3199,15-03-2025,29,Quarterly,1200,Walk-in,Cancelled,11-06-2025
